model,feature_set,stage,train_months,params,n,R2,MAPE,MdAPE,MAE,RMSE,within_10pct,median_pct_error
baseline_linear_regression,week6,validation,24,{},11398,0.8188620322267655,14.732603590411134,10.81551983929026,196825.8625955814,398472.9598574775,46.81523074223548,0.2341532047621938
baseline_linear_regression,week6+trend,validation,24,{},11398,0.8180066629217221,14.670613789884928,10.867215795289153,196946.8391783185,399412.68582965905,46.91173890156168,-0.18975615601218562
baseline_linear_regression,week6+neighbors,validation,24,{},11398,0.8692034705212299,12.78184792355643,9.315639105973894,166668.86071090813,338604.10634205653,52.96543253202316,-0.4292144703238049
baseline_linear_regression,week6+trend+neighbors,validation,24,{},11398,0.8686551436973767,12.757240960246422,9.317551927258904,166904.68170697865,339313.1141964686,52.94788559396385,-0.6986608239811019
lightgbm,week6,validation,12,"{'min_child_samples': 10, 'num_leaves': 255}",11398,0.9161000812929893,10.312132615624064,6.914289133313223,135715.37279766324,271190.75506564736,63.98490963326899,0.1660468906302782
lightgbm,week6+trend,validation,12,"{'min_child_samples': 10, 'num_leaves': 255}",11398,0.9143603061240397,10.219383185521234,7.057421993091645,136959.5357350713,273988.07644208596,63.75679943849798,-1.2561399985478137
lightgbm,week6+neighbors,validation,12,"{'min_child_samples': 10, 'num_leaves': 255}",11398,0.9237965536623485,10.224325608182202,6.9490410375395575,133194.43792757738,258452.90426509143,63.932268819091064,0.19244725666814505
lightgbm,week6+trend+neighbors,validation,12,"{'min_child_samples': 10, 'num_leaves': 255}",11398,0.9232434536542977,10.053677353771134,6.977364497842474,132703.88622482092,259389.16014883446,64.07264432356554,-1.1810556015671845
xgboost,week6,validation,12,"{'max_depth': 10, 'min_child_weight': 1}",11398,0.9133137003859619,10.298459029326693,6.879751528772278,136002.7034445736,275657.2013224313,64.23934023512898,0.0877249944921789
xgboost,week6+trend,validation,12,"{'max_depth': 10, 'min_child_weight': 1}",11398,0.9132773076500416,10.164738309902111,6.950672429198593,135958.9392877588,275715.0586026189,64.16915248289173,-1.2531989949358644
xgboost,week6+neighbors,validation,12,"{'max_depth': 10, 'min_child_weight': 1}",11398,0.9202846436951595,10.221353072688652,7.016482609211776,133877.51074492236,264341.3514901942,64.3270749254255,0.02754099167984241
xgboost,week6+trend+neighbors,validation,12,"{'max_depth': 10, 'min_child_weight': 1}",11398,0.9196913481207001,10.064879909251195,6.968480661514464,133426.73221743945,265323.231448332,64.45867696087033,-1.2344632235856128
