model,feature_set,train_months,params,train_start,train_end,val_month,train_rows,n,R2,MAPE,MdAPE,MAE,RMSE,within_10pct,median_pct_error,stage,test_month,price_low,price_high
lightgbm,week6,3,"{'min_child_samples': 10, 'num_leaves': 63}",2025-12,2026-02,2026-03,26556,11414,0.8951923923559287,11.31899385518323,7.794130574688375,152336.94536496545,306709.72340833314,59.540914666199406,-0.9982546573948511,validation (selection),,,
lightgbm,week6,3,"{'min_child_samples': 10, 'num_leaves': 255}",2025-12,2026-02,2026-03,26556,11414,0.8895593010093163,11.468730196236969,7.844213417355697,155340.73189585394,314844.21199510887,59.041527948133876,-1.2411485162837612,validation (selection),,,
lightgbm,week6,3,"{'min_child_samples': 40, 'num_leaves': 63}",2025-12,2026-02,2026-03,26556,11414,0.89507257528863,11.349602421739833,7.8209936720613955,152418.3290851733,306884.990087089,59.37445242684423,-1.1417704587490574,validation (selection),,,
lightgbm,week6,3,"{'min_child_samples': 40, 'num_leaves': 255}",2025-12,2026-02,2026-03,26556,11414,0.8925656704673637,11.58466219916659,8.02942167846044,155258.50992788697,310529.36796396726,58.340634308743645,-1.1290199217594024,validation (selection),,,
lightgbm,week6,6,"{'min_child_samples': 10, 'num_leaves': 63}",2025-09,2026-02,2026-03,59319,11409,0.90458351100766,10.74611062481885,7.322896994761365,144717.45446016255,292637.85092597996,61.731965991760894,-1.1448791754463508,validation (selection),,,
lightgbm,week6,6,"{'min_child_samples': 10, 'num_leaves': 255}",2025-09,2026-02,2026-03,59319,11409,0.9029187023964519,10.677158183232047,7.242803860831096,144379.84930316676,295179.7557714874,62.766237181172755,-1.1613622956707936,validation (selection),,,
lightgbm,week6,6,"{'min_child_samples': 40, 'num_leaves': 63}",2025-09,2026-02,2026-03,59319,11409,0.9046817282905667,10.73290685614758,7.336398164078542,144562.8773548674,292487.1982707141,61.67061092120256,-1.1934316805654412,validation (selection),,,
lightgbm,week6,6,"{'min_child_samples': 40, 'num_leaves': 255}",2025-09,2026-02,2026-03,59319,11409,0.905284747397526,10.781786030312364,7.382971699869478,144431.95657785735,291560.53853387095,61.87220615303708,-1.11705368309014,validation (selection),,,
lightgbm,week6,12,"{'min_child_samples': 10, 'num_leaves': 63}",2025-03,2026-02,2026-03,127862,11403,0.9161793144215549,10.5447303118613,7.1255176631284876,138922.26572801915,273608.1931428604,62.78172410769096,0.22755511363096695,validation (selection),,,
lightgbm,week6,12,"{'min_child_samples': 10, 'num_leaves': 255}",2025-03,2026-02,2026-03,127862,11403,0.917427485627735,10.311493718783654,6.914463346972875,135932.95190704128,271563.4068580204,63.98316232570376,0.16450994025242294,validation (selection),,,
lightgbm,week6,12,"{'min_child_samples': 40, 'num_leaves': 63}",2025-03,2026-02,2026-03,127862,11403,0.9158060853731017,10.551082917436974,7.198350269723104,138805.79065284718,274216.66527152,62.71156713145663,0.2139920613590684,validation (selection),,,
lightgbm,week6,12,"{'min_child_samples': 40, 'num_leaves': 255}",2025-03,2026-02,2026-03,127862,11403,0.91562989969719,10.395693590591087,6.946644958966158,137244.8745620614,274503.43065092474,64.2287117425239,0.1719676008467747,validation (selection),,,
lightgbm,week6,24,"{'min_child_samples': 10, 'num_leaves': 63}",2024-03,2026-02,2026-03,264088,11398,0.9173367452128662,10.36338051271654,7.274414501042468,137088.62170551618,269184.69329389516,62.66011580979119,-0.7768921149356365,validation (selection),,,
lightgbm,week6,24,"{'min_child_samples': 10, 'num_leaves': 255}",2024-03,2026-02,2026-03,264088,11398,0.9197524194784978,10.085043666250161,6.995375602407708,133487.50272020022,265222.32867296896,64.14283207580277,-0.8733556705749734,validation (selection),,,
lightgbm,week6,24,"{'min_child_samples': 40, 'num_leaves': 63}",2024-03,2026-02,2026-03,264088,11398,0.9168692426511137,10.347575919881258,7.2522371675815975,137022.00197083576,269944.8079709079,63.107562730303556,-0.7483511446387959,validation (selection),,,
lightgbm,week6,24,"{'min_child_samples': 40, 'num_leaves': 255}",2024-03,2026-02,2026-03,264088,11398,0.9184304518979308,10.123131997353784,6.96633169446913,134295.66701844407,267397.990015605,64.00245657132831,-0.8829802702359832,validation (selection),,,
lightgbm,week6,12,"{'min_child_samples': 10, 'num_leaves': 255}",2025-04,2026-03,,128831,12333,0.9104710037410889,10.716800651938922,7.14768104521953,144809.0561860982,293053.2706714756,62.73412794940404,-0.16989023040909654,test,2026-04,195000.0,8354100.0
lightgbm,week6,12,"{'min_child_samples': 10, 'num_leaves': 255}",2025-03,2026-02,,127862,11403,0.917427485627735,10.311493718783654,6.914463346972875,135932.95190704128,271563.4068580204,63.98316232570376,0.16450994025242294,backtest,2026-03,198103.0,8250000.0
lightgbm,week6,12,"{'min_child_samples': 10, 'num_leaves': 255}",2025-02,2026-01,,127729,8855,0.9013129670886588,10.868035277961024,7.3150797727119725,144089.44449006394,306781.41398110637,62.11180124223602,0.3505473275520525,backtest,2026-02,199000.0,8299905.0
lightgbm,week6,12,"{'min_child_samples': 10, 'num_leaves': 255}",2025-01,2025-12,,128373,7359,0.9031744331046253,10.828885831038408,7.061657422397555,136784.19903602722,285183.54955080297,62.91615708656067,0.2093430161970779,backtest,2026-01,199421.0,8250000.0
