model,train_months,params,train_start,train_end,val_month,train_rows,n,R2,MAPE,MdAPE,MAE,RMSE,within_10pct,median_pct_error,stage,test_month,price_low,price_high
decision_tree,3,"{'max_depth': 8, 'min_samples_leaf': 5}",2025-12,2026-02,2026-03,26556,11414,0.8011582559345987,17.012059534422665,12.71160059012744,224562.8341727062,422459.3459204411,40.84457683546522,-1.810140329921223,validation (selection),,,
decision_tree,3,"{'max_depth': 8, 'min_samples_leaf': 20}",2025-12,2026-02,2026-03,26556,11414,0.8060189133180409,16.94903466225658,12.493210528885848,221938.0764094156,417263.92063035694,41.37024706500789,-1.6674034721841022,validation (selection),,,
decision_tree,3,"{'max_depth': 8, 'min_samples_leaf': 50}",2025-12,2026-02,2026-03,26556,11414,0.800624246596659,17.021312538706475,12.553624556454213,224817.17279056218,423026.2439170337,40.90590502891187,-1.8915009260537858,validation (selection),,,
decision_tree,3,"{'max_depth': 12, 'min_samples_leaf': 5}",2025-12,2026-02,2026-03,26556,11414,0.7906915546893596,16.44652722494812,11.535235377476361,220788.82521778072,433435.5375046615,44.787103557035216,-1.8284595876339946,validation (selection),,,
decision_tree,3,"{'max_depth': 12, 'min_samples_leaf': 20}",2025-12,2026-02,2026-03,26556,11414,0.8088369458537183,16.004021133031983,11.364252621314225,213818.23222838773,414221.96129435196,44.936043455405645,-1.8307274644557254,validation (selection),,,
decision_tree,3,"{'max_depth': 12, 'min_samples_leaf': 50}",2025-12,2026-02,2026-03,26556,11414,0.8038778302196974,16.32083218686418,12.032815706097754,218704.92408230397,419560.3945269628,43.62186788154897,-1.8124552875946478,validation (selection),,,
decision_tree,3,"{'max_depth': 16, 'min_samples_leaf': 5}",2025-12,2026-02,2026-03,26556,11414,0.7891367518419103,16.785331533584042,11.722936071269457,223881.20539904,435042.4003826641,44.11249342912213,-1.6021498842963369,validation (selection),,,
decision_tree,3,"{'max_depth': 16, 'min_samples_leaf': 20}",2025-12,2026-02,2026-03,26556,11414,0.8082265150332234,15.97526138118324,11.343293831499935,213770.74945464387,414882.7906535695,44.96232696688278,-1.737346175487677,validation (selection),,,
decision_tree,3,"{'max_depth': 16, 'min_samples_leaf': 50}",2025-12,2026-02,2026-03,26556,11414,0.8038449276317785,16.314147745568448,12.031854285318513,218639.33080857678,419595.5869884944,43.63062905204135,-1.6746701036309153,validation (selection),,,
decision_tree,3,"{'max_depth': 20, 'min_samples_leaf': 5}",2025-12,2026-02,2026-03,26556,11414,0.7861452513155761,17.10108647881831,12.021281179224413,227398.38248215432,438117.48865827656,43.12248116348344,-1.5423999397909622,validation (selection),,,
decision_tree,3,"{'max_depth': 20, 'min_samples_leaf': 20}",2025-12,2026-02,2026-03,26556,11414,0.8082497150242163,15.971277672433903,11.337664806080792,213709.6348521798,414857.69446226757,44.94480462589802,-1.697016071121913,validation (selection),,,
decision_tree,3,"{'max_depth': 20, 'min_samples_leaf': 50}",2025-12,2026-02,2026-03,26556,11414,0.8038449276317785,16.314147745568448,12.031854285318513,218639.33080857678,419595.5869884944,43.63062905204135,-1.6746701036309153,validation (selection),,,
decision_tree,3,"{'max_depth': None, 'min_samples_leaf': 5}",2025-12,2026-02,2026-03,26556,11414,0.7850490640673312,17.201368946706598,12.155019206456439,227938.005870085,439238.9155752436,42.73698966181882,-1.482061691790539,validation (selection),,,
decision_tree,3,"{'max_depth': None, 'min_samples_leaf': 20}",2025-12,2026-02,2026-03,26556,11414,0.8082453978752394,15.971890481979855,11.329071207250731,213713.9211995288,414862.3645789004,44.96232696688278,-1.7019281254145024,validation (selection),,,
decision_tree,3,"{'max_depth': None, 'min_samples_leaf': 50}",2025-12,2026-02,2026-03,26556,11414,0.8038449276317785,16.314147745568448,12.031854285318513,218639.33080857678,419595.5869884944,43.63062905204135,-1.6746701036309153,validation (selection),,,
decision_tree,6,"{'max_depth': 8, 'min_samples_leaf': 5}",2025-09,2026-02,2026-03,59319,11409,0.8122804655235989,16.237961626290215,11.998345849253738,215650.87271699865,410462.52939914144,42.96607941099132,-1.7179914477100866,validation (selection),,,
decision_tree,6,"{'max_depth': 8, 'min_samples_leaf': 20}",2025-09,2026-02,2026-03,59319,11409,0.8122520137494933,16.192877675740696,11.99882719384423,215616.24795923269,410493.63416594604,42.983609431150846,-1.7179914477121805,validation (selection),,,
decision_tree,6,"{'max_depth': 8, 'min_samples_leaf': 50}",2025-09,2026-02,2026-03,59319,11409,0.8094951100114267,16.231505189461807,12.01200220861594,216301.55052440483,413496.50845577597,43.10631957226751,-1.5077402143334704,validation (selection),,,
decision_tree,6,"{'max_depth': 12, 'min_samples_leaf': 5}",2025-09,2026-02,2026-03,59319,11409,0.8214631802726073,15.128341067602344,10.91674501017807,205183.88668786015,400297.3177112046,46.75256376544833,-1.7813410873041908,validation (selection),,,
decision_tree,6,"{'max_depth': 12, 'min_samples_leaf': 20}",2025-09,2026-02,2026-03,59319,11409,0.8290708011037113,14.855865101875029,10.805481990358878,200470.55714765014,391675.95535344054,46.901568936804274,-1.7382800287830629,validation (selection),,,
decision_tree,6,"{'max_depth': 12, 'min_samples_leaf': 50}",2025-09,2026-02,2026-03,59319,11409,0.8201344982458102,15.250181055435574,11.020443051459777,206072.35831586356,401784.0753699046,46.06889297922693,-1.7717585073552866,validation (selection),,,
decision_tree,6,"{'max_depth': 16, 'min_samples_leaf': 5}",2025-09,2026-02,2026-03,59319,11409,0.8119537746432387,15.363360078452304,10.736574395086642,208022.7933814524,410819.54092328466,47.19081426943641,-1.8353426165596907,validation (selection),,,
decision_tree,6,"{'max_depth': 16, 'min_samples_leaf': 20}",2025-09,2026-02,2026-03,59319,11409,0.8298690215867282,14.763765823243904,10.565777246227086,199184.81265864955,390760.34342166624,47.874485055657814,-1.7613514028565302,validation (selection),,,
decision_tree,6,"{'max_depth': 16, 'min_samples_leaf': 50}",2025-09,2026-02,2026-03,59319,11409,0.8207575643640985,15.158970809762318,10.990176817233685,205189.42348300648,401087.5682158634,46.06012796914716,-1.7634506603142093,validation (selection),,,
decision_tree,6,"{'max_depth': 20, 'min_samples_leaf': 5}",2025-09,2026-02,2026-03,59319,11409,0.8094721162011527,15.663265985087586,11.010718998349194,211724.59578326574,413521.4620760852,46.45455342273644,-1.7623426462356127,validation (selection),,,
decision_tree,6,"{'max_depth': 20, 'min_samples_leaf': 20}",2025-09,2026-02,2026-03,59319,11409,0.830163397716009,14.743975927924186,10.58566861167653,198826.75497828113,390422.13247203885,47.83942501533877,-1.8091230301102372,validation (selection),,,
decision_tree,6,"{'max_depth': 20, 'min_samples_leaf': 50}",2025-09,2026-02,2026-03,59319,11409,0.820818950333283,15.159084600164732,10.990176817233099,205181.62806822333,401018.8811959465,46.06889297922693,-1.7634506603140268,validation (selection),,,
decision_tree,6,"{'max_depth': None, 'min_samples_leaf': 5}",2025-09,2026-02,2026-03,59319,11409,0.809358352250141,15.843915153344598,11.1902612776495,212985.4673171155,413644.9002155813,45.86729774739241,-1.713075024482987,validation (selection),,,
decision_tree,6,"{'max_depth': None, 'min_samples_leaf': 20}",2025-09,2026-02,2026-03,59319,11409,0.8301145347580979,14.753173985891152,10.613243507177469,198941.06544952458,390478.29176872154,47.69918485406258,-1.842621242934985,validation (selection),,,
decision_tree,6,"{'max_depth': None, 'min_samples_leaf': 50}",2025-09,2026-02,2026-03,59319,11409,0.820818950333283,15.159084600164732,10.990176817233099,205181.62806822333,401018.8811959465,46.06889297922693,-1.7634506603140268,validation (selection),,,
decision_tree,12,"{'max_depth': 8, 'min_samples_leaf': 5}",2025-03,2026-02,2026-03,127862,11403,0.8264747991768263,15.898554141073697,11.790640521554833,209575.54509540639,393672.2220981335,44.102429185302114,-0.5118771130235418,validation (selection),,,
decision_tree,12,"{'max_depth': 8, 'min_samples_leaf': 20}",2025-03,2026-02,2026-03,127862,11403,0.825656118942707,15.889688327639572,11.802878911983147,209820.3036473354,394599.7888778211,44.07612031921424,-0.5118771130242569,validation (selection),,,
decision_tree,12,"{'max_depth': 8, 'min_samples_leaf': 50}",2025-03,2026-02,2026-03,127862,11403,0.8260696457239636,15.911257889897074,11.844558775923254,209892.37364618763,394131.534830526,43.856879768481974,-0.5118771130251368,validation (selection),,,
decision_tree,12,"{'max_depth': 12, 'min_samples_leaf': 5}",2025-03,2026-02,2026-03,127862,11403,0.8429462042329186,14.342824452676131,10.171545621802318,191597.58534258854,374522.3263515421,49.36420240287644,-1.1331445342202755,validation (selection),,,
decision_tree,12,"{'max_depth': 12, 'min_samples_leaf': 20}",2025-03,2026-02,2026-03,127862,11403,0.8452159631334104,14.169286337189199,10.088629074646205,190474.51469670056,371806.1579147936,49.60975181969658,-1.0120823761898958,validation (selection),,,
decision_tree,12,"{'max_depth': 12, 'min_samples_leaf': 50}",2025-03,2026-02,2026-03,127862,11403,0.8426859345650354,14.413361571076619,10.261362131498839,192722.70929755887,374832.5272282209,48.96956941155836,-1.0212573623985552,validation (selection),,,
decision_tree,12,"{'max_depth': 16, 'min_samples_leaf': 5}",2025-03,2026-02,2026-03,127862,11403,0.8326188173655265,14.289978685480452,9.831470738365764,192369.40374450007,386640.02463460097,50.54810137683066,-0.9809041969431563,validation (selection),,,
decision_tree,12,"{'max_depth': 16, 'min_samples_leaf': 20}",2025-03,2026-02,2026-03,127862,11403,0.8472924247348279,13.846761614436346,9.744195638579006,186630.20468642627,369303.8068458448,50.92519512409015,-0.9142014892127907,validation (selection),,,
decision_tree,12,"{'max_depth': 16, 'min_samples_leaf': 50}",2025-03,2026-02,2026-03,127862,11403,0.8438588613259698,14.162435200002351,9.967770219906564,190376.17759959443,373432.54536687303,50.13592914145401,-1.005430521599564,validation (selection),,,
decision_tree,12,"{'max_depth': 20, 'min_samples_leaf': 5}",2025-03,2026-02,2026-03,127862,11403,0.8275499676314191,14.687222357559632,10.23297112766615,197337.28380072452,392450.7233433822,49.14496185214417,-0.9219686739352448,validation (selection),,,
decision_tree,12,"{'max_depth': 20, 'min_samples_leaf': 20}",2025-03,2026-02,2026-03,127862,11403,0.8473673465931638,13.793736426606875,9.645720599323067,186050.19329765154,369213.20124871685,51.302288871349646,-0.9276663964321733,validation (selection),,,
decision_tree,12,"{'max_depth': 20, 'min_samples_leaf': 50}",2025-03,2026-02,2026-03,127862,11403,0.8438936637285335,14.146728455646349,10.002515206252571,190192.88255324986,373390.92573300644,49.995615188985354,-1.0044948771680164,validation (selection),,,
decision_tree,12,"{'max_depth': None, 'min_samples_leaf': 5}",2025-03,2026-02,2026-03,127862,11403,0.8255855562190515,14.948723625809334,10.625727809678164,200060.73311545214,394679.6345796266,47.750591949486974,-0.7069568354867383,validation (selection),,,
decision_tree,12,"{'max_depth': None, 'min_samples_leaf': 20}",2025-03,2026-02,2026-03,127862,11403,0.847308142141585,13.792005703296201,9.645720599322685,186048.69890462788,369284.8010843311,51.33736735946681,-0.8840231121672185,validation (selection),,,
decision_tree,12,"{'max_depth': None, 'min_samples_leaf': 50}",2025-03,2026-02,2026-03,127862,11403,0.8438920912399179,14.146249401701747,9.982636941324992,190189.41742421297,373392.8063469369,50.048232921161095,-0.9968199600362369,validation (selection),,,
decision_tree,24,"{'max_depth': 8, 'min_samples_leaf': 5}",2024-03,2026-02,2026-03,264088,11398,0.8308053550907178,15.825828450286316,11.776789937574243,207506.2866775505,385112.3241674235,43.80593086506405,-0.28953704134217106,validation (selection),,,
decision_tree,24,"{'max_depth': 8, 'min_samples_leaf': 20}",2024-03,2026-02,2026-03,264088,11398,0.8296074119636532,15.82950361005197,11.775875125810037,207723.29957355643,386473.26834235544,43.83225127215301,-0.28953704134313735,validation (selection),,,
decision_tree,24,"{'max_depth': 8, 'min_samples_leaf': 50}",2024-03,2026-02,2026-03,264088,11398,0.8271919490030673,15.847269717327004,11.783355538512316,208509.73001627388,389202.92572883435,43.770836988945426,-0.271108289606087,validation (selection),,,
decision_tree,24,"{'max_depth': 12, 'min_samples_leaf': 5}",2024-03,2026-02,2026-03,264088,11398,0.853041528032102,13.935009789093444,9.92595854665941,184546.541625999,358914.84717159637,50.31584488506755,-0.8908489984246638,validation (selection),,,
decision_tree,24,"{'max_depth': 12, 'min_samples_leaf': 20}",2024-03,2026-02,2026-03,264088,11398,0.8558753959996195,13.87646717923057,9.909988049070346,184014.50746292566,355437.44122522476,50.37725916827513,-0.8973777809377741,validation (selection),,,
decision_tree,24,"{'max_depth': 12, 'min_samples_leaf': 50}",2024-03,2026-02,2026-03,264088,11398,0.85155502843807,13.99875283325721,9.895792716062306,185571.80629670536,360725.5096635708,50.38603263730479,-0.8973777809378594,validation (selection),,,
decision_tree,24,"{'max_depth': 16, 'min_samples_leaf': 5}",2024-03,2026-02,2026-03,264088,11398,0.854846138949019,13.510263226024632,9.43802227636303,180441.99379804416,356704.3507410573,52.51798561151079,-1.016381602017113,validation (selection),,,
decision_tree,24,"{'max_depth': 16, 'min_samples_leaf': 20}",2024-03,2026-02,2026-03,264088,11398,0.8627714581019528,13.314233791550143,9.376591896619832,177657.7329657789,346829.7434699529,52.474118266362524,-1.1422230856727966,validation (selection),,,
decision_tree,24,"{'max_depth': 16, 'min_samples_leaf': 50}",2024-03,2026-02,2026-03,264088,11398,0.8551194664028581,13.545469533330035,9.437357824218358,181034.11495044534,356368.35198865156,52.237234602561855,-1.0210232330045772,validation (selection),,,
decision_tree,24,"{'max_depth': 20, 'min_samples_leaf': 5}",2024-03,2026-02,2026-03,264088,11398,0.8464072380726186,13.82799623760027,9.394200444746405,185046.79930589144,366926.84383633826,52.316195823828735,-0.9849255990557677,validation (selection),,,
decision_tree,24,"{'max_depth': 20, 'min_samples_leaf': 20}",2024-03,2026-02,2026-03,264088,11398,0.8638247312894181,13.214750408618906,9.198627026187392,176613.9294014664,345496.1647241206,53.342691700298296,-0.9888325631055104,validation (selection),,,
decision_tree,24,"{'max_depth': 20, 'min_samples_leaf': 50}",2024-03,2026-02,2026-03,264088,11398,0.8555105453587667,13.473409779301852,9.413444495674101,180210.51311761767,355887.05082096724,52.46534479733287,-0.9756595402386378,validation (selection),,,
decision_tree,24,"{'max_depth': None, 'min_samples_leaf': 5}",2024-03,2026-02,2026-03,264088,11398,0.8436248597870106,14.253422112134917,9.857150651810551,189340.54574441432,370235.4212452018,50.61414283207581,-0.7608905187099875,validation (selection),,,
decision_tree,24,"{'max_depth': None, 'min_samples_leaf': 20}",2024-03,2026-02,2026-03,264088,11398,0.8637571266994418,13.228411250391414,9.194024642396844,176730.91989622044,345581.915347444,53.31637129320933,-0.9878601869413689,validation (selection),,,
decision_tree,24,"{'max_depth': None, 'min_samples_leaf': 50}",2024-03,2026-02,2026-03,264088,11398,0.855553405101555,13.467544990082617,9.401401793754733,180134.9201760587,355834.26372033614,52.491665204421835,-0.9623097509154531,validation (selection),,,
decision_tree,24,"{'max_depth': None, 'min_samples_leaf': 20}",2024-04,2026-03,,263996,12328,0.8581343048393089,13.595346113170564,9.297280450048257,185091.76662231405,367401.79988806014,52.64438676184295,-1.4138131658821183,test,2026-04,200000.0,8078560.0
decision_tree,24,"{'max_depth': None, 'min_samples_leaf': 20}",2024-03,2026-02,,264088,11398,0.8637571266994418,13.228411250391414,9.194024642396844,176730.91989622044,345581.915347444,53.31637129320933,-0.9878601869413689,backtest,2026-03,200000.0,8000000.0
decision_tree,24,"{'max_depth': None, 'min_samples_leaf': 20}",2024-02,2026-01,,264665,8853,0.8502471572442836,13.865992248170834,9.503330026661345,185087.3304700983,375731.78979042167,51.94849203659776,-0.47457491202378876,backtest,2026-02,200000.0,8000000.0
decision_tree,24,"{'max_depth': None, 'min_samples_leaf': 20}",2024-01,2025-12,,265507,7356,0.8499695545585648,13.796233019384719,9.135478367773386,174849.93834925667,353576.72960326343,53.96954866775422,0.18904116975854915,backtest,2026-01,200000.0,8000000.0
